               epoch,      train/box_loss,      train/cls_loss,      train/dfl_loss,   metrics/precision,      metrics/recall,     metrics/mAP_0.5,metrics/mAP_0.5:0.95,        val/box_loss,        val/cls_loss,        val/dfl_loss,               x/lr0,               x/lr1,               x/lr2
                   0,              1.2017,              2.0752,              1.4643,             0.69295,             0.69356,             0.73581,             0.49155,              1.0688,              1.1222,              1.4529,            0.070074,           0.0033251,           0.0033251
                   1,              1.1402,              1.3144,              1.3605,             0.71487,             0.63644,             0.68898,             0.46932,              1.0443,              1.2669,              1.4293,            0.038756,             0.00534,             0.00534
                   2,              1.1916,              1.3768,              1.3986,             0.74093,             0.53796,             0.67138,             0.43119,              1.2271,              1.3573,              1.5813,           0.0061175,            0.006035,            0.006035
                   3,              1.1972,              1.3322,               1.416,             0.77989,             0.75433,             0.80396,             0.55959,              1.0265,              1.0892,              1.4078,             0.00406,             0.00406,             0.00406
                   4,              1.1583,              1.2236,              1.3693,             0.82013,             0.82639,             0.87043,             0.62398,             0.98049,             0.84072,              1.3847,             0.00406,             0.00406,             0.00406
